{
	"multipleTemplates":[
		{
			"templates":[
				"ServiceImpl",
				"ServiceInterface",
				"DoMain",
				"Dao",
				"Controller"
			],
			"name":"Spring代码模板"
		},
		{
			"templates":[
				"接口Request对象",
				"接口Response对象",
				"接口请求Controller"
			],
			"name":"喀什项目代码模板iot-app"
		},
		{
			"templates":[
				"接口请求Controller",
				"ServiceInterfaceCopy",
				"RPCResponse",
				"Vo",
				"RpcRequestInfo",
				"ServiceImplCopy",
				"DaoCopy",
				"DtoRequest",
				"DoMainCopy"
			],
			"name":"infinovaMarket"
		},
		{
			"templates":[
				"接口请求Controller",
				"ServiceInterfaceCopy",
				"RPCResponse",
				"RpcRequestInfo",
				"ServiceImplCopy",
				"GatewayVo",
				"DtoRequest",
				"GatewayDao",
				"GatewayEntity"
			],
			"name":"infinovaTemplateGatewayCopy"
		},
		{
			"templates":[
				"GatewayDto",
				"GatewayDao",
				"GatewayVo",
				"GatewayEntity",
				"GatewayServiceInterface",
				"GatewayServiceImpl"
			],
			"name":"infinovaGateway"
		},
		{
			"templates":[
				"DeviceServiceImpl",
				"DeviceServiceInterface",
				"DeviceVo",
				"DeviceEntity",
				"DeviceDto",
				"DeviceDao"
			],
			"name":"infinovaDevice"
		},
		{
			"templates":[
				"接口请求ControllerCopy",
				"RPCResponseCopy",
				"RpcRequestInfoCopy",
				"DtoRequestCopy",
				"Entity",
				"大数据Dao",
				"RespVo",
				"ReqVo",
				"大数据ServiceImpl",
				"大数据ServiceInterface"
			],
			"name":"infinova大数据"
		},
		{
			"templates":[
				"大数据ServiceInterfaceCopy",
				"RPCResponseCopyCopy",
				"DtoRequestCopyCopy",
				"ReqVoCopy",
				"RpcRequestInfoCopyCopy",
				"接口请求ControllerCopyCopy",
				"大数据DaoCopy",
				"RespVoCopy",
				"大数据ServiceImplCopy",
				"EntityCopy"
			],
			"name":"infinova_ai"
		},
		{
			"templates":[
				"DoMain模板2333Copy",
				"fggggg2",
				"test23Copy",
				"123hhhhCopy"
			],
			"name":"testCopy"
		},
		{
			"templates":[
				"数据资产-ReqVo",
				"数据资产-Entity",
				"数据资产-ServiceInterface",
				"数据资产-RpcRequestInfo",
				"数据资产-DtoRequest",
				"数据资产-RPCResponse",
				"数据资产-RespVo",
				"数据资产-Dao",
				"数据资产-ServiceImpl",
				"数据资产-Controller"
			],
			"name":"数据治理-数据资产"
		},
		{
			"templates":[
				"数据资产-RpcRequestInfo",
				"数据资产-RespVo",
				"数据资产-DtoRequest",
				"数据资产-Entity",
				"数据资产-Dao",
				"数据资产-ReqVo",
				"数据资产-RPCResponse",
				"数据资产-ServiceInterface",
				"数据资产-ServiceImpl",
				"数据资产-Controller"
			],
			"name":"数据治理-元数据-元模型管理"
		},
		{
			"templates":[
				"数据资产-DtoRequestCopyCopy",
				"数据资产-ReqVoCopyCopy",
				"数据资产-DaoCopyCopy",
				"数据资产-EntityCopyCopy",
				"数据资产-ControllerCopyCopy",
				"数据资产-RpcRequestInfoCopyCopy",
				"数据资产-ServiceInterfaceCopyCopy",
				"数据资产-RPCResponseCopyCopy",
				"数据资产-ServiceImplCopyCopy",
				"数据资产-RespVoCopyCopy"
			],
			"name":"基础字典"
		},
		{
			"templates":[
				"数据资产-EntityCopy",
				"数据资产-ControllerCopy",
				"数据资产-DtoRequestCopy",
				"数据资产-RespVoCopy",
				"数据资产-ServiceImplCopy",
				"数据资产-ReqVoCopy",
				"数据资产-RPCResponseCopy",
				"数据资产-DaoCopy",
				"数据资产-ServiceInterfaceCopy",
				"数据资产-RpcRequestInfoCopy"
			],
			"name":"基础配置"
		},
		{
			"templates":[
				"数据资产-DtoRequestCopyCopy",
				"数据资产-ReqVoCopyCopy",
				"数据资产-DaoCopyCopy",
				"数据资产-EntityCopyCopy",
				"数据资产-ControllerCopyCopy",
				"数据资产-RpcRequestInfoCopyCopy",
				"数据资产-ServiceInterfaceCopyCopy",
				"数据资产-RPCResponseCopyCopy",
				"数据资产-ServiceImplCopyCopy",
				"数据资产-RespVoCopyCopy"
			],
			"name":"基础任务"
		},
		{
			"templates":[
				"单点登录应用-Dao",
				"单点登录-应用-ServiceImplCopyCopyCopy",
				"单点登录-应用-ServiceInterfaceCopyCopyCopy",
				"单点登录-应用-EntityCopyCopyCopy",
				"单点登录-应用-RpcRequestInfoCopyCopyCopy",
				"单点登录-应用-ReqVoCopyCopyCopy",
				"单点登录-应用-RPCResponseCopyCopyCopy",
				"单点登录-应用-RespVoCopyCopyCopy",
				"单点登录-应用-DtoRequestCopyCopyCopy",
				"单点登录-应用-ControllerCopyCopyCopy"
			],
			"name":"单点登录-应用"
		},
		{
			"templates":[
				"ReqVo-单点登录用户",
				"ServiceImpl-单点登录用户",
				"Controller-单点登录用户",
				"Dao-单点登录用户",
				"RespVo-单点登录用户",
				"ServiceInterface-单点登录用户",
				"DtoRequest-单点登录用户",
				"RPCResponse-单点登录用户",
				"Entity-单点登录用户",
				"RpcRequestInfo-单点登录用户"
			],
			"name":"单点登录用户"
		},
		{
			"templates":[
				"ReqVo-数据安全",
				"Entity-数据安全",
				"RespVo-数据安全",
				"Dao-数据安全",
				"RpcRequestInfo-数据安全",
				"RPCResponse-数据安全",
				"ServiceInterface-数据安全",
				"DtoRequest-数据安全",
				"ServiceImpl-数据安全",
				"Controller-数据安全"
			],
			"name":"数据安全"
		}
	],
	"templates":[
		{
			"isHandleFunction":1,
			"fileName":"DaoFileTemplate.template",
			"projectUrl":"C:/DevelopSoftwareWorkSpace/ideaWorkSpace/zzd_chat2",
			"sourcesRoot":"src/main/java",
			"fileSuffixName":"java",
			"module":"talk-service/talk-service-provider",
			"name":"Dao模板",
			"srcPackage":"com/zzd/talk/service/provider/dao",
			"filePrefixNameStrategy":{
				"pattern":"*{tableInfo.domainName}*RpcImplService222",
				"value":3
			}
		},
		{
			"isHandleFunction":1,
			"fileName":"DaoFileTemplate_04.template",
			"projectUrl":"123",
			"sourcesRoot":"123",
			"fileSuffixName":"",
			"module":"123",
			"name":"123",
			"srcPackage":"123123",
			"filePrefixNameStrategy":{
				"pattern":"*{tableInfo.domainName}*RpcImplService222",
				"value":3
			}
		},
		{
			"isHandleFunction":0,
			"fileName":"DaoFileTemplate_04.template",
			"projectUrl":"123",
			"sourcesRoot":"123",
			"fileSuffixName":"1231",
			"module":"123",
			"name":"123fddfd",
			"srcPackage":"123",
			"filePrefixNameStrategy":{
				"pattern":"*{tableInfo.domainName}*RpcImplService222",
				"value":3
			}
		},
		{
			"isHandleFunction":0,
			"fileName":"DaoFileTemplate_04.template",
			"projectUrl":"123",
			"sourcesRoot":"123",
			"fileSuffixName":"123",
			"module":"123",
			"name":"123123",
			"srcPackage":"123123",
			"filePrefixNameStrategy":{
				"pattern":"*{tableInfo.domainName}*RpcImplService222",
				"value":3
			}
		},
		{
			"fileName":"DaoFileTemplate_04.template",
			"projectUrl":"fdsaf",
			"sourcesRoot":"dfas",
			"fileSuffixName":"123",
			"module":"dfas",
			"name":"fggggg",
			"srcPackage":"adfa",
			"templateClassName":"io.github.bigbird0101.code.core.template.DefaultNoHandleFunctionTemplate",
			"filePrefixNameStrategy":{
				"pattern":"*{tableInfo.domainName}*RpcImplService222",
				"value":3
			}
		},
		{
			"fileName":"123hhhh.template",
			"projectUrl":"D:/tools/codebuilder/test",
			"sourcesRoot":"src/main/java",
			"fileSuffixName":"java",
			"module":"/",
			"name":"123hhhh",
			"srcPackage":"123",
			"templateClassName":"io.github.bigbird0101.code.core.template.DefaultNoHandleFunctionTemplate",
			"filePrefixNameStrategy":{
				"pattern":"*{tableInfo.domainName}*RpcImplService",
				"value":3
			}
		},
		{
			"fileName":"接口Request对象.template",
			"projectUrl":"C:/Users/DELL/IdeaProjects/iot_server_split/iot-application",
			"sourcesRoot":"/src/main/java",
			"fileSuffixName":"java",
			"module":"/convert-service-controller",
			"name":"接口Request对象",
			"srcPackage":"com/infinova/convet/server/base/dto/request",
			"templateClassName":"io.github.bigbird0101.code.core.template.DefaultNoHandleFunctionTemplate",
			"filePrefixNameStrategy":{
				"pattern":"*{interfaceModel.baseRequestResponse}*Request",
				"value":3
			}
		},
		{
			"fileName":"接口Response对象.template",
			"projectUrl":"C:/Users/DELL/IdeaProjects/iot_server_split/iot-application",
			"sourcesRoot":"/src/main/java",
			"fileSuffixName":"java",
			"module":"/convert-service-controller",
			"name":"接口Response对象",
			"srcPackage":"com/infinova/convet/server/base/dto/response",
			"templateClassName":"io.github.bigbird0101.code.core.template.DefaultNoHandleFunctionTemplate",
			"filePrefixNameStrategy":{
				"pattern":"*{interfaceModel.baseRequestResponse}*Response",
				"value":3
			}
		},
		{
			"fileName":"ServiceImpl.template",
			"projectUrl":"C:/DevelopSoftwareWorkSpace/ideaWorkSpace/zzd_chat25",
			"sourcesRoot":"src/main/java",
			"fileSuffixName":"java",
			"module":"/",
			"name":"ServiceImpl",
			"srcPackage":"com/zzd/talk/service/provider/rpcservice",
			"templateClassName":"io.github.bigbird0101.code.core.template.DefaultHandleFunctionTemplate",
			"filePrefixNameStrategy":{
				"pattern":"*{tableInfo.domainName}*RpcImplService222",
				"value":3
			}
		},
		{
			"fileName":"ServiceInterface.template",
			"projectUrl":"C:/DevelopSoftwareWorkSpace/ideaWorkSpace/zzd_chat25",
			"sourcesRoot":"src/main/java",
			"fileSuffixName":"java",
			"module":"/",
			"name":"ServiceInterface",
			"srcPackage":"com/zzd/talk/api",
			"templateClassName":"io.github.bigbird0101.code.core.template.DefaultHandleFunctionTemplate",
			"filePrefixNameStrategy":{
				"pattern":"*{tableInfo.domainName}*RpcImplService222",
				"value":3
			}
		},
		{
			"fileName":"DoMain.template",
			"projectUrl":"D:/tools/codebuilder/test",
			"sourcesRoot":"src/main/java",
			"fileSuffixName":"java",
			"module":"/",
			"name":"DoMain",
			"srcPackage":"com/zzd/talk/api/dto",
			"templateClassName":"io.github.bigbird0101.code.core.template.DefaultHandleFunctionTemplate",
			"filePrefixNameStrategy":{
				"pattern":"*{tableInfo.domainName}*",
				"value":3
			}
		},
		{
			"fileName":"DoMain模板2333CopyCopy.template",
			"projectUrl":"C:/DevelopSoftwareWorkSpace/ideaWorkSpace/zzd_chat2",
			"sourcesRoot":"src/main/java",
			"fileSuffixName":"java",
			"module":"talk-service/talk-api",
			"name":"DoMain模板2333CopyCopy",
			"srcPackage":"com/zzd/talk/api/dto",
			"templateClassName":"io.github.bigbird0101.code.core.template.DefaultHandleFunctionTemplate",
			"filePrefixNameStrategy":{
				"pattern":"*{tableInfo.domainName}*RpcImplService222",
				"value":3
			}
		},
		{
			"fileName":"fggggg2Copy.template",
			"projectUrl":"fdsaf",
			"sourcesRoot":"dfas",
			"fileSuffixName":"123",
			"module":"dfas",
			"name":"fggggg2Copy",
			"srcPackage":"adfa",
			"templateClassName":"io.github.bigbird0101.code.core.template.DefaultNoHandleFunctionTemplate",
			"filePrefixNameStrategy":{
				"pattern":"*{tableInfo.domainName}*RpcImplService222",
				"value":3
			}
		},
		{
			"fileName":"Vo.template",
			"projectUrl":"D:/ideaWorkSpace3/iot_server_split/market-service",
			"sourcesRoot":"src/main/java",
			"fileSuffixName":"java",
			"module":"/market-service-model",
			"name":"Vo",
			"srcPackage":"com/infinova/marketservice/model/vo",
			"templateClassName":"io.github.bigbird0101.code.core.template.DomNoHandleFunctionTemplate",
			"filePrefixNameStrategy":{
				"pattern":"*{tableInfo.domainName}*Vo",
				"value":3
			}
		},
		{
			"fileName":"DoMainCopy.template",
			"projectUrl":"D:/ideaWorkSpace/iot_server_split/gateway-service",
			"sourcesRoot":"src/main/java",
			"fileSuffixName":"java",
			"module":"/market-service-model",
			"name":"DoMainCopy",
			"srcPackage":"com/infinova/marketservice/model/entity",
			"templateClassName":"io.github.bigbird0101.code.core.template.DefaultNoHandleFunctionTemplate",
			"filePrefixNameStrategy":{
				"pattern":"*{tableInfo.domainName}*",
				"value":3
			}
		},
		{
			"fileName":"RPCResponse.template",
			"projectUrl":"D:/ideaWorkSpace/iot_server_split/gateway-service",
			"sourcesRoot":"src/main/java",
			"fileSuffixName":"java",
			"module":"/gateway-service-model",
			"name":"RPCResponse",
			"srcPackage":"org/thingsboard/server/gatewayservice/model/dto/response",
			"templateClassName":"io.github.bigbird0101.code.core.template.DefaultNoHandleFunctionTemplate",
			"filePrefixNameStrategy":{
				"value":1
			}
		},
		{
			"fileName":"RpcRequestInfo.template",
			"projectUrl":"D:/ideaWorkSpace/iot_server_split/gateway-service",
			"sourcesRoot":"src/main/java",
			"fileSuffixName":"java",
			"module":"/gateway-service-model",
			"name":"RpcRequestInfo",
			"srcPackage":"org/thingsboard/server/gatewayservice/model/dto/response",
			"templateClassName":"io.github.bigbird0101.code.core.template.DefaultNoHandleFunctionTemplate",
			"filePrefixNameStrategy":{
				"value":1
			}
		},
		{
			"fileName":"DtoRequest.template",
			"projectUrl":"D:/ideaWorkSpace/iot_server_split/gateway-service",
			"sourcesRoot":"src/main/java",
			"fileSuffixName":"java",
			"module":"/market-service-model",
			"name":"DtoRequest",
			"srcPackage":"com/infinova/marketservice/model/dto",
			"templateClassName":"io.github.bigbird0101.code.core.template.DomNoHandleFunctionTemplate",
			"filePrefixNameStrategy":{
				"pattern":"*{tableInfo.domainName}*Dto",
				"value":3
			}
		},
		{
			"fileName":"DeviceEntityCopy.template",
			"projectUrl":"D:/ideaWorkSpace3/iot_server_split/device-service",
			"sourcesRoot":"src/main/java",
			"fileSuffixName":"java",
			"module":"/device-model",
			"name":"DeviceEntityCopy",
			"srcPackage":"com/infinova/device/model/entity",
			"templateClassName":"io.github.bigbird0101.code.core.template.DomNoHandleFunctionTemplate",
			"filePrefixNameStrategy":{
				"pattern":"*{tableInfo.domainName}*",
				"value":3
			}
		},
		{
			"fileName":"DeviceDtoCopy.template",
			"projectUrl":"D:/ideaWorkSpace3/iot_server_split/device-service",
			"sourcesRoot":"src/main/java",
			"fileSuffixName":"java",
			"module":"/device-model",
			"name":"DeviceDtoCopy",
			"srcPackage":"com/infinova/device/model/dto",
			"templateClassName":"io.github.bigbird0101.code.core.template.DomNoHandleFunctionTemplate",
			"filePrefixNameStrategy":{
				"pattern":"*{tableInfo.domainName}*Dto",
				"value":3
			}
		},
		{
			"fileName":"DeviceVoCopy.template",
			"projectUrl":"D:/ideaWorkSpace3/iot_server_split/device-service",
			"sourcesRoot":"src/main/java",
			"fileSuffixName":"java",
			"module":"/device-model",
			"name":"DeviceVoCopy",
			"srcPackage":"com/infinova/device/model/vo",
			"templateClassName":"io.github.bigbird0101.code.core.template.DomNoHandleFunctionTemplate",
			"filePrefixNameStrategy":{
				"pattern":"*{tableInfo.domainName}*Vo",
				"value":3
			}
		},
		{
			"fileName":"GatewayService.template",
			"projectUrl":"C:\\Users\\DELL\\\\code-builder-example",
			"sourcesRoot":"src\\main\\java",
			"fileSuffixName":"java",
			"module":"\\",
			"name":"GatewayService",
			"srcPackage":"com\\code\\builder\\example",
			"templateClassName":"io.github.bigbird0101.code.core.template.DefaultNoHandleFunctionTemplate"
		},
		{
			"fileName":"GatewayDto.template",
			"projectUrl":"D:/ideaWorkSpace/iot_server_split/gateway-service",
			"sourcesRoot":"src/main/java",
			"fileSuffixName":"java",
			"module":"/gateway-service-model",
			"name":"GatewayDto",
			"srcPackage":"com/infinova/server/gatewayservice/model/dto",
			"templateClassName":"io.github.bigbird0101.code.core.template.DomNoHandleFunctionTemplate",
			"filePrefixNameStrategy":{
				"pattern":"*{tableInfo.domainName}*Dto",
				"value":3
			}
		},
		{
			"fileName":"GatewayVo.template",
			"projectUrl":"D:/ideaWorkSpace/iot_server_split/gateway-service",
			"sourcesRoot":"src/main/java",
			"fileSuffixName":"java",
			"module":"/gateway-service-model",
			"name":"GatewayVo",
			"srcPackage":"com/infinova/server/gatewayservice/model/vo",
			"templateClassName":"io.github.bigbird0101.code.core.template.DomNoHandleFunctionTemplate",
			"filePrefixNameStrategy":{
				"pattern":"*{tableInfo.domainName}*Vo",
				"value":3
			}
		},
		{
			"fileName":"GatewayEntity.template",
			"projectUrl":"D:/ideaWorkSpace/iot_server_split/gateway-service",
			"sourcesRoot":"src/main/java",
			"fileSuffixName":"java",
			"module":"/gateway-service-model",
			"name":"GatewayEntity",
			"srcPackage":"com/infinova/server/gatewayservice/model/entity",
			"templateClassName":"io.github.bigbird0101.code.core.template.DomNoHandleFunctionTemplate",
			"filePrefixNameStrategy":{
				"pattern":"*{tableInfo.domainName}*",
				"value":3
			}
		},
		{
			"fileName":"DeviceVo.template",
			"projectUrl":"D:/ideaWorkSpace/iot_server_split/device-service",
			"sourcesRoot":"src/main/java",
			"fileSuffixName":"java",
			"module":"/device-model",
			"name":"DeviceVo",
			"srcPackage":"com/infinova/device/model/vo",
			"templateClassName":"io.github.bigbird0101.code.core.template.DomNoHandleFunctionTemplate",
			"filePrefixNameStrategy":{
				"pattern":"*{tableInfo.domainName}*Vo",
				"value":3
			}
		},
		{
			"fileName":"DeviceEntity.template",
			"projectUrl":"D:/ideaWorkSpace/iot_server_split/device-service",
			"sourcesRoot":"src/main/java",
			"fileSuffixName":"java",
			"module":"/device-model",
			"name":"DeviceEntity",
			"srcPackage":"com/infinova/device/model/entity",
			"templateClassName":"io.github.bigbird0101.code.core.template.DomNoHandleFunctionTemplate",
			"filePrefixNameStrategy":{
				"pattern":"*{tableInfo.domainName}*",
				"value":3
			}
		},
		{
			"fileName":"DeviceDto.template",
			"projectUrl":"D:/ideaWorkSpace/iot_server_split/device-service",
			"sourcesRoot":"src/main/java",
			"fileSuffixName":"java",
			"module":"/device-model",
			"name":"DeviceDto",
			"srcPackage":"com/infinova/device/model/dto",
			"templateClassName":"io.github.bigbird0101.code.core.template.DomNoHandleFunctionTemplate",
			"filePrefixNameStrategy":{
				"pattern":"*{tableInfo.domainName}*Dto",
				"value":3
			}
		},
		{
			"fileName":"RPCResponseCopy.template",
			"projectUrl":"D:\\ideaWorkSpace3\\iot-bigdata\\infinova-dt\\infinova-dt-datamodel",
			"sourcesRoot":"src/main/java",
			"fileSuffixName":"java",
			"module":"/gateway-service-model",
			"name":"RPCResponseCopy",
			"srcPackage":"org/thingsboard/server/gatewayservice/model/dto/response",
			"templateClassName":"io.github.bigbird0101.code.core.template.DefaultNoHandleFunctionTemplate",
			"filePrefixNameStrategy":{
				"value":1
			}
		},
		{
			"fileName":"RpcRequestInfoCopy.template",
			"projectUrl":"D:\\ideaWorkSpace3\\iot-bigdata\\infinova-dt\\infinova-dt-datamodel",
			"sourcesRoot":"src/main/java",
			"fileSuffixName":"java",
			"module":"/gateway-service-model",
			"name":"RpcRequestInfoCopy",
			"srcPackage":"org/thingsboard/server/gatewayservice/model/dto/response",
			"templateClassName":"io.github.bigbird0101.code.core.template.DefaultNoHandleFunctionTemplate",
			"filePrefixNameStrategy":{
				"value":1
			}
		},
		{
			"fileName":"DtoRequestCopy.template",
			"projectUrl":"D:\\ideaWorkSpace3\\iot-bigdata\\infinova-dt\\infinova-dt-datamodel",
			"sourcesRoot":"src/main/java",
			"fileSuffixName":"java",
			"module":"/market-service-model",
			"name":"DtoRequestCopy",
			"srcPackage":"com/infinova/marketservice/model/dto",
			"templateClassName":"io.github.bigbird0101.code.core.template.DomNoHandleFunctionTemplate",
			"filePrefixNameStrategy":{
				"pattern":"*{tableInfo.domainName}*Dto",
				"value":3
			}
		},
		{
			"fileName":"Entity.template",
			"projectUrl":"D:/ideaWorkSpace3/iot-bigdata/infinova-dt/infinova-dt-datamodel/infinova-dt-datamodel-model",
			"sourcesRoot":"src/main/java",
			"fileSuffixName":"java",
			"module":"/infinova-dt-datamodel-model-entity",
			"name":"Entity",
			"srcPackage":"cn/com/infinova/datamodel/model/entity",
			"templateClassName":"io.github.bigbird0101.code.core.template.DomNoHandleFunctionTemplate",
			"filePrefixNameStrategy":{
				"pattern":"*{tool.sub(6,*{tableInfo.domainName}*)}*",
				"value":3
			}
		},
		{
			"fileName":"RespVo.template",
			"projectUrl":"D:/ideaWorkSpace3/iot-bigdata/infinova-dt/infinova-dt-datamodel/infinova-dt-datamodel-model",
			"sourcesRoot":"src/main/java",
			"fileSuffixName":"java",
			"module":"/infinova-dt-datamodel-model-vo",
			"name":"RespVo",
			"srcPackage":"cn/com/infinova/datamodel/model/vo/resp",
			"templateClassName":"io.github.bigbird0101.code.core.template.DomNoHandleFunctionTemplate",
			"filePrefixNameStrategy":{
				"pattern":"*{tool.sub(6,*{tableInfo.domainName}*)}*RespVo",
				"value":3
			}
		},
		{
			"fileName":"ReqVo.template",
			"projectUrl":"D:/ideaWorkSpace3/iot-bigdata/infinova-dt/infinova-dt-datamodel/infinova-dt-datamodel-model",
			"sourcesRoot":"src/main/java",
			"fileSuffixName":"java",
			"module":"/infinova-dt-datamodel-model-vo",
			"name":"ReqVo",
			"srcPackage":"cn/com/infinova/datamodel/model/vo/req",
			"templateClassName":"io.github.bigbird0101.code.core.template.DomNoHandleFunctionTemplate",
			"filePrefixNameStrategy":{
				"pattern":"*{tool.sub(6,*{tableInfo.domainName}*)}*ReqVo",
				"value":3
			}
		},
		{
			"fileName":"ReqVoCopy.template",
			"projectUrl":"D:/ideaWorkSpace4/infinova-ai/infinova-ai-videoanalysis",
			"sourcesRoot":"src/main/java",
			"fileSuffixName":"java",
			"module":"/infinova-ai-videoanalysis-model",
			"name":"ReqVoCopy",
			"srcPackage":"cn/com/infinova/ai/videoanalysis/model/vo/req",
			"templateClassName":"io.github.bigbird0101.code.core.template.DomNoHandleFunctionTemplate",
			"filePrefixNameStrategy":{
				"pattern":"*{tool.sub(1,*{tableInfo.domainName}*)}*ReqVo",
				"value":3
			}
		},
		{
			"fileName":"RespVoCopy.template",
			"projectUrl":"D:/ideaWorkSpace4/infinova-ai/infinova-ai-videoanalysis",
			"sourcesRoot":"src/main/java",
			"fileSuffixName":"java",
			"module":"/infinova-ai-videoanalysis-model",
			"name":"RespVoCopy",
			"srcPackage":"cn/com/infinova/ai/videoanalysis/model/vo/resp",
			"templateClassName":"io.github.bigbird0101.code.core.template.DomNoHandleFunctionTemplate",
			"filePrefixNameStrategy":{
				"pattern":"*{tool.sub(1,*{tableInfo.domainName}*)}*RespVo",
				"value":3
			}
		},
		{
			"fileName":"EntityCopy.template",
			"projectUrl":"D:/ideaWorkSpace4/infinova-ai/infinova-ai-videoanalysis",
			"sourcesRoot":"src/main/java",
			"fileSuffixName":"java",
			"module":"/infinova-ai-videoanalysis-model",
			"name":"EntityCopy",
			"srcPackage":"cn/com/infinova/ai/videoanalysis/model/entity",
			"templateClassName":"io.github.bigbird0101.code.core.template.DomNoHandleFunctionTemplate",
			"filePrefixNameStrategy":{
				"pattern":"*{tool.sub(1,*{tableInfo.domainName}*)}*",
				"value":3
			}
		},
		{
			"fileName":"test23Copy.template",
			"projectUrl":"C:/code/ideaWorkSpace/untitled1/out",
			"sourcesRoot":"123",
			"fileSuffixName":"123",
			"module":"123",
			"name":"test23Copy",
			"srcPackage":"123",
			"templateClassName":"io.github.bigbird0101.code.core.template.DefaultNoHandleFunctionTemplate",
			"filePrefixNameStrategy":{
				"pattern":"test",
				"value":3
			}
		},
		{
			"fileName":"DoMainTemplate_Copy.template",
			"projectUrl":"C:/DevelopSoftwareWorkSpace/ideaWorkSpace/zzd_chat2",
			"sourcesRoot":"src/main/java",
			"fileSuffixName":"java",
			"module":"talk-service/talk-api",
			"name":"DoMain模板2333Copy",
			"srcPackage":"com/zzd/talk/api/dto",
			"templateClassName":"io.github.bigbird0101.code.core.template.DefaultHandleFunctionTemplate",
			"filePrefixNameStrategy":{
				"pattern":"*{tableInfo.domainName}*RpcImplService222",
				"value":3
			}
		},
		{
			"fileName":"fggggg2.template",
			"projectUrl":"fdsaf",
			"sourcesRoot":"dfas",
			"fileSuffixName":"123",
			"module":"dfas",
			"name":"fggggg2",
			"srcPackage":"adfa",
			"templateClassName":"io.github.bigbird0101.code.core.template.DefaultNoHandleFunctionTemplate",
			"filePrefixNameStrategy":{
				"pattern":"*{tableInfo.domainName}*RpcImplService222",
				"value":3
			}
		},
		{
			"fileName":"123hhhhCopy.template",
			"projectUrl":"123123",
			"sourcesRoot":"123",
			"fileSuffixName":"123",
			"module":"123",
			"name":"123hhhhCopy",
			"srcPackage":"123",
			"templateClassName":"io.github.bigbird0101.code.core.template.DefaultNoHandleFunctionTemplate",
			"filePrefixNameStrategy":{
				"value":1
			}
		},
		{
			"fileName":"数据资产-RpcRequestInfo.template",
			"projectUrl":"D:\\ideaWorkSpace3\\data-asset-govern\\data-asset",
			"sourcesRoot":"src/main/java",
			"fileSuffixName":"java",
			"module":"/gateway-service-model",
			"name":"数据资产-RpcRequestInfo",
			"srcPackage":"org/thingsboard/server/gatewayservice/model/dto/response",
			"templateClassName":"io.github.bigbird0101.code.core.template.DefaultNoHandleFunctionTemplate",
			"filePrefixNameStrategy":{
				"value":1
			}
		},
		{
			"fileName":"数据资产-RPCResponse.template",
			"projectUrl":"D:/ideaWorkSpace3/data-asset-govern/data-asset",
			"sourcesRoot":"src/main/java",
			"fileSuffixName":"java",
			"module":"/gateway-service-model",
			"name":"数据资产-RPCResponse",
			"srcPackage":"com/infinova/data/asset/model/dto/response",
			"templateClassName":"io.github.bigbird0101.code.core.template.DefaultNoHandleFunctionTemplate",
			"filePrefixNameStrategy":{
				"value":1
			}
		},
		{
			"fileName":"数据资产-ReqVo.template",
			"projectUrl":"D:/ideaWorkSpace3/data-asset-govern/data-asset",
			"sourcesRoot":"src/main/java",
			"fileSuffixName":"java",
			"module":"/data-asset-model",
			"name":"数据资产-ReqVo",
			"srcPackage":"com/infinova/data/asset/model/vo/req",
			"templateClassName":"io.github.bigbird0101.code.core.template.DomNoHandleFunctionTemplate",
			"filePrefixNameStrategy":{
				"pattern":"*{tableInfo.domainName}*ReqVo",
				"value":3
			}
		},
		{
			"fileName":"数据资产-DtoRequest.template",
			"projectUrl":"D:/ideaWorkSpace3/data-asset-govern/data-asset",
			"sourcesRoot":"src/main/java",
			"fileSuffixName":"java",
			"module":"/data-asset-model",
			"name":"数据资产-DtoRequest",
			"srcPackage":"com/infinova/data/asset/model/dto",
			"templateClassName":"io.github.bigbird0101.code.core.template.DomNoHandleFunctionTemplate",
			"filePrefixNameStrategy":{
				"pattern":"*{tableInfo.domainName}*Dto",
				"value":3
			}
		},
		{
			"fileName":"数据资产-RespVo.template",
			"projectUrl":"D:/ideaWorkSpace3/data-asset-govern/data-asset",
			"sourcesRoot":"src/main/java",
			"fileSuffixName":"java",
			"module":"/data-asset-model",
			"name":"数据资产-RespVo",
			"srcPackage":"com/infinova/data/asset/model/vo/resp",
			"templateClassName":"io.github.bigbird0101.code.core.template.DomNoHandleFunctionTemplate",
			"filePrefixNameStrategy":{
				"pattern":"*{tableInfo.domainName}*RespVo",
				"value":3
			}
		},
		{
			"fileName":"数据资产-Entity.template",
			"projectUrl":"D:/ideaWorkSpace3/data-asset-govern/data-asset",
			"sourcesRoot":"src/main/java",
			"fileSuffixName":"java",
			"module":"/data-asset-model",
			"name":"数据资产-Entity",
			"srcPackage":"com/infinova/data/asset/model/entity",
			"templateClassName":"io.github.bigbird0101.code.core.template.DomNoHandleFunctionTemplate",
			"filePrefixNameStrategy":{
				"pattern":"*{tableInfo.domainName}*",
				"value":3
			}
		},
		{
			"fileName":"数据资产-RPCResponseCopy.template",
			"projectUrl":"D:\\ideaWorkSpace3\\data-asset-govern\\common\\base-db-config",
			"sourcesRoot":"src/main/java",
			"fileSuffixName":"java",
			"module":"/gateway-service-model",
			"name":"数据资产-RPCResponseCopy",
			"srcPackage":"com/infinova/base/config/model/dto/response",
			"templateClassName":"io.github.bigbird0101.code.core.template.DefaultNoHandleFunctionTemplate",
			"filePrefixNameStrategy":{
				"value":1
			}
		},
		{
			"fileName":"数据资产-RpcRequestInfoCopy.template",
			"projectUrl":"D:\\ideaWorkSpace3\\data-asset-govern\\common\\base-db-config",
			"sourcesRoot":"src/main/java",
			"fileSuffixName":"java",
			"module":"/gateway-service-model",
			"name":"数据资产-RpcRequestInfoCopy",
			"srcPackage":"org/thingsboard/server/gatewayservice/model/dto/response",
			"templateClassName":"io.github.bigbird0101.code.core.template.DefaultNoHandleFunctionTemplate",
			"filePrefixNameStrategy":{
				"value":1
			}
		},
		{
			"fileName":"数据资产-DtoRequestCopy.template",
			"projectUrl":"D:/ideaWorkSpace3/data-asset-govern/common/base-db-config",
			"sourcesRoot":"src/main/java",
			"fileSuffixName":"java",
			"module":"/base-config-model",
			"name":"数据资产-DtoRequestCopy",
			"srcPackage":"com/infinova/base/config/model/dto",
			"templateClassName":"io.github.bigbird0101.code.core.template.DomNoHandleFunctionTemplate",
			"filePrefixNameStrategy":{
				"pattern":"*{tableInfo.domainName}*Dto",
				"value":3
			}
		},
		{
			"fileName":"数据资产-EntityCopy.template",
			"projectUrl":"D:/ideaWorkSpace3/data-asset-govern/common/base-db-config",
			"sourcesRoot":"src/main/java",
			"fileSuffixName":"java",
			"module":"/base-config-model",
			"name":"数据资产-EntityCopy",
			"srcPackage":"com/infinova/base/config/model/entity",
			"templateClassName":"io.github.bigbird0101.code.core.template.DomNoHandleFunctionTemplate",
			"filePrefixNameStrategy":{
				"pattern":"*{tableInfo.domainName}*",
				"value":3
			}
		},
		{
			"fileName":"数据资产-RespVoCopy.template",
			"projectUrl":"D:/ideaWorkSpace3/data-asset-govern/common/base-db-config",
			"sourcesRoot":"src/main/java",
			"fileSuffixName":"java",
			"module":"/base-config-model",
			"name":"数据资产-RespVoCopy",
			"srcPackage":"com/infinova/base/config/model/vo/resp",
			"templateClassName":"io.github.bigbird0101.code.core.template.DomNoHandleFunctionTemplate",
			"filePrefixNameStrategy":{
				"pattern":"*{tableInfo.domainName}*RespVo",
				"value":3
			}
		},
		{
			"fileName":"数据资产-ReqVoCopy.template",
			"projectUrl":"D:/ideaWorkSpace3/data-asset-govern/common/base-db-config",
			"sourcesRoot":"src/main/java",
			"fileSuffixName":"java",
			"module":"/base-config-model",
			"name":"数据资产-ReqVoCopy",
			"srcPackage":"com/infinova/base/config/model/vo/req",
			"templateClassName":"io.github.bigbird0101.code.core.template.DomNoHandleFunctionTemplate",
			"filePrefixNameStrategy":{
				"pattern":"*{tableInfo.domainName}*ReqVo",
				"value":3
			}
		},
		{
			"fileName":"单点登录-应用-EntityCopyCopyCopy.template",
			"projectUrl":"D:/ideaWorkSpace3/data-asset-govern/common/base-db-config",
			"sourcesRoot":"src/main/java",
			"fileSuffixName":"java",
			"module":"/base-config-model",
			"name":"单点登录-应用-EntityCopyCopyCopy",
			"srcPackage":"com/infinova/base/config/model/entity",
			"templateClassName":"io.github.bigbird0101.code.core.template.DomNoHandleFunctionTemplate",
			"filePrefixNameStrategy":{
				"pattern":"*{tableInfo.domainName}*",
				"value":3
			}
		},
		{
			"fileName":"单点登录-应用-RpcRequestInfoCopyCopyCopy.template",
			"projectUrl":"D:\\ideaWorkSpace3\\data-asset-govern\\common\\base-db-config",
			"sourcesRoot":"src/main/java",
			"fileSuffixName":"java",
			"module":"/gateway-service-model",
			"name":"单点登录-应用-RpcRequestInfoCopyCopyCopy",
			"srcPackage":"org/thingsboard/server/gatewayservice/model/dto/response",
			"templateClassName":"io.github.bigbird0101.code.core.template.DefaultNoHandleFunctionTemplate",
			"filePrefixNameStrategy":{
				"value":1
			}
		},
		{
			"fileName":"单点登录-应用-ReqVoCopyCopyCopy.template",
			"projectUrl":"D:/ideaWorkSpace3/data-asset-govern/common/base-db-config",
			"sourcesRoot":"src/main/java",
			"fileSuffixName":"java",
			"module":"/base-config-model",
			"name":"单点登录-应用-ReqVoCopyCopyCopy",
			"srcPackage":"com/infinova/base/config/model/vo/req",
			"templateClassName":"io.github.bigbird0101.code.core.template.DomNoHandleFunctionTemplate",
			"filePrefixNameStrategy":{
				"pattern":"*{tableInfo.domainName}*ReqVo",
				"value":3
			}
		},
		{
			"fileName":"单点登录-应用-RPCResponseCopyCopyCopy.template",
			"projectUrl":"D:\\ideaWorkSpace3\\data-asset-govern\\common\\base-db-config",
			"sourcesRoot":"src/main/java",
			"fileSuffixName":"java",
			"module":"/gateway-service-model",
			"name":"单点登录-应用-RPCResponseCopyCopyCopy",
			"srcPackage":"com/infinova/base/config/model/dto/response",
			"templateClassName":"io.github.bigbird0101.code.core.template.DefaultNoHandleFunctionTemplate",
			"filePrefixNameStrategy":{
				"value":1
			}
		},
		{
			"fileName":"单点登录-应用-RespVoCopyCopyCopy.template",
			"projectUrl":"D:/ideaWorkSpace3/data-asset-govern/common/base-db-config",
			"sourcesRoot":"src/main/java",
			"fileSuffixName":"java",
			"module":"/base-config-model",
			"name":"单点登录-应用-RespVoCopyCopyCopy",
			"srcPackage":"com/infinova/base/config/model/vo/resp",
			"templateClassName":"io.github.bigbird0101.code.core.template.DomNoHandleFunctionTemplate",
			"filePrefixNameStrategy":{
				"pattern":"*{tableInfo.domainName}*RespVo",
				"value":3
			}
		},
		{
			"fileName":"单点登录-应用-DtoRequestCopyCopyCopy.template",
			"projectUrl":"D:/ideaWorkSpace3/data-asset-govern/common/base-db-config",
			"sourcesRoot":"src/main/java",
			"fileSuffixName":"java",
			"module":"/base-config-model",
			"name":"单点登录-应用-DtoRequestCopyCopyCopy",
			"srcPackage":"com/infinova/base/config/model/dto",
			"templateClassName":"io.github.bigbird0101.code.core.template.DomNoHandleFunctionTemplate",
			"filePrefixNameStrategy":{
				"pattern":"*{tableInfo.domainName}*Dto",
				"value":3
			}
		},
		{
			"fileName":"ReqVo-单点登录用户.template",
			"projectUrl":"D:/ideaWorkSpace5/sso-token/sso-token/sso-platform",
			"sourcesRoot":"src/main/java",
			"fileSuffixName":"java",
			"module":"/infinova-datasecurity-model",
			"name":"ReqVo-单点登录用户",
			"srcPackage":"com/infinova/sso/platform/model/vo/req",
			"templateClassName":"io.github.bigbird0101.code.core.template.DomNoHandleFunctionTemplate",
			"filePrefixNameStrategy":{
				"pattern":"*{tableInfo.domainName}*ReqVo",
				"value":3
			}
		},
		{
			"fileName":"RespVo-单点登录用户.template",
			"projectUrl":"D:/ideaWorkSpace5/sso-token/sso-token/sso-platform",
			"sourcesRoot":"src/main/java",
			"fileSuffixName":"java",
			"module":"/infinova-datasecurity-model",
			"name":"RespVo-单点登录用户",
			"srcPackage":"com/infinova/sso/platform/model/vo/resp",
			"templateClassName":"io.github.bigbird0101.code.core.template.DomNoHandleFunctionTemplate",
			"filePrefixNameStrategy":{
				"pattern":"*{tableInfo.domainName}*RespVo",
				"value":3
			}
		},
		{
			"fileName":"DtoRequest-单点登录用户.template",
			"projectUrl":"D:\\ideaWorkSpace5\\sso-token\\sso-token\\sso-platform",
			"sourcesRoot":"src/main/java",
			"fileSuffixName":"java",
			"module":"/infinova-datasecurity-model",
			"name":"DtoRequest-单点登录用户",
			"srcPackage":"com/infinova/sso/platform/model/dto",
			"templateClassName":"io.github.bigbird0101.code.core.template.DomNoHandleFunctionTemplate",
			"filePrefixNameStrategy":{
				"pattern":"*{tableInfo.domainName}*Dto",
				"value":3
			}
		},
		{
			"fileName":"RPCResponse-单点登录用户.template",
			"projectUrl":"D:\\ideaWorkSpace5\\sso-token\\sso-token\\sso-platform",
			"sourcesRoot":"src/main/java",
			"fileSuffixName":"java",
			"module":"/gateway-service-model",
			"name":"RPCResponse-单点登录用户",
			"srcPackage":"com/infinova/sso/platform/model/dto/response",
			"templateClassName":"io.github.bigbird0101.code.core.template.DefaultNoHandleFunctionTemplate",
			"filePrefixNameStrategy":{
				"value":1
			}
		},
		{
			"fileName":"Entity-单点登录用户.template",
			"projectUrl":"D:/ideaWorkSpace5/sso-token/sso-token/sso-platform",
			"sourcesRoot":"src/main/java",
			"fileSuffixName":"java",
			"module":"/infinova-datasecurity-model",
			"name":"Entity-单点登录用户",
			"srcPackage":"com/infinova/sso/platform/model/entity",
			"templateClassName":"io.github.bigbird0101.code.core.template.DomNoHandleFunctionTemplate",
			"filePrefixNameStrategy":{
				"pattern":"*{tableInfo.domainName}*",
				"value":3
			}
		},
		{
			"fileName":"RpcRequestInfo-单点登录用户.template",
			"projectUrl":"D:\\ideaWorkSpace5\\sso-token\\sso-token\\sso-platform",
			"sourcesRoot":"src/main/java",
			"fileSuffixName":"java",
			"module":"/gateway-service-model",
			"name":"RpcRequestInfo-单点登录用户",
			"srcPackage":"org/thingsboard/server/gatewayservice/model/dto/response",
			"templateClassName":"io.github.bigbird0101.code.core.template.DefaultNoHandleFunctionTemplate",
			"filePrefixNameStrategy":{
				"value":1
			}
		},
		{
			"fileName":"RpcRequestInfo-数据安全.template",
			"projectUrl":"D:\\ideaWorkSpace3\\iot-bigdata\\infinova-dt\\infinova-dt-datasecurityv2",
			"sourcesRoot":"src/main/java",
			"fileSuffixName":"java",
			"module":"/gateway-service-model",
			"name":"RpcRequestInfo-数据安全",
			"srcPackage":"org/thingsboard/server/gatewayservice/model/dto/response",
			"templateClassName":"io.github.bigbird0101.code.core.template.DefaultNoHandleFunctionTemplate",
			"filePrefixNameStrategy":{
				"value":1
			}
		},
		{
			"fileName":"RPCResponse-数据安全.template",
			"projectUrl":"D:\\ideaWorkSpace3\\iot-bigdata\\infinova-dt\\infinova-dt-datasecurityv2",
			"sourcesRoot":"src/main/java",
			"fileSuffixName":"java",
			"module":"/gateway-service-model",
			"name":"RPCResponse-数据安全",
			"srcPackage":"com/infinova/datasecurity/model/dto/response",
			"templateClassName":"io.github.bigbird0101.code.core.template.DefaultNoHandleFunctionTemplate",
			"filePrefixNameStrategy":{
				"value":1
			}
		},
		{
			"fileName":"DtoRequest-数据安全.template",
			"projectUrl":"D:\\ideaWorkSpace3\\iot-bigdata\\infinova-dt\\infinova-dt-datasecurityv2",
			"sourcesRoot":"src/main/java",
			"fileSuffixName":"java",
			"module":"/infinova-dt-datasecurity-model",
			"name":"DtoRequest-数据安全",
			"srcPackage":"com/infinova/datasecurity/model/dto",
			"templateClassName":"io.github.bigbird0101.code.core.template.DomNoHandleFunctionTemplate",
			"filePrefixNameStrategy":{
				"pattern":"*{tableInfo.domainName}*Dto",
				"value":3
			}
		},
		{
			"fileName":"RespVo-数据安全.template",
			"projectUrl":"D:/ideaWorkSpace3/iot-bigdata/infinova-dt/infinova-dt-datasecurityv2",
			"sourcesRoot":"src/main/java",
			"fileSuffixName":"java",
			"module":"/infinova-dt-datasecurity-model",
			"name":"RespVo-数据安全",
			"srcPackage":"com/infinova/datasecurity/model/vo/resp",
			"templateClassName":"io.github.bigbird0101.code.core.template.DomNoHandleFunctionTemplate",
			"filePrefixNameStrategy":{
				"pattern":"*{tableInfo.domainName}*RespVo",
				"value":3
			}
		},
		{
			"fileName":"Entity-数据安全.template",
			"projectUrl":"D:/ideaWorkSpace3/iot-bigdata/infinova-dt/infinova-dt-datasecurityv2",
			"sourcesRoot":"src/main/java",
			"fileSuffixName":"java",
			"module":"/infinova-dt-datasecurity-model",
			"name":"Entity-数据安全",
			"srcPackage":"com/infinova/datasecurity/model/entity",
			"templateClassName":"io.github.bigbird0101.code.core.template.DomNoHandleFunctionTemplate",
			"filePrefixNameStrategy":{
				"pattern":"*{tableInfo.domainName}*",
				"value":3
			}
		},
		{
			"fileName":"ReqVo-数据安全.template",
			"projectUrl":"D:/ideaWorkSpace3/iot-bigdata/infinova-dt/infinova-dt-datasecurityv2",
			"sourcesRoot":"src/main/java",
			"fileSuffixName":"java",
			"module":"/infinova-dt-datasecurity-model",
			"name":"ReqVo-数据安全",
			"srcPackage":"com/infinova/datasecurity/model/vo/req",
			"templateClassName":"io.github.bigbird0101.code.core.template.DomNoHandleFunctionTemplate",
			"filePrefixNameStrategy":{
				"pattern":"*{tableInfo.domainName}*ReqVo",
				"value":3
			}
		},
		{
			"fileName":"DaoFileTemplate_04.template",
			"projectUrl":"123",
			"sourcesRoot":"123",
			"fileSuffixName":"123",
			"module":"123",
			"name":"123ddd",
			"srcPackage":"123",
			"templateClassName":"io.github.bigbird0101.code.core.template.HaveDependTemplateHandleFunctionTemplate",
			"filePrefixNameStrategy":{
				"value":1
			}
		},
		{
			"fileName":"单点登录-应用-ServiceImplCopyCopyCopy.template",
			"projectUrl":"D:/ideaWorkSpace3/data-asset-govern/common/base-db-config",
			"sourcesRoot":"src/main/java",
			"fileSuffixName":"java",
			"module":"/base-config-service",
			"name":"单点登录-应用-ServiceImplCopyCopyCopy",
			"dependTemplates":[
				"数据资产-Entity",
				"数据资产-Dao",
				"数据资产-ReqVo",
				"数据资产-ServiceInterface",
				"数据资产-RespVo"
			],
			"srcPackage":"com/infinova/base/config/service/service/impl",
			"templateClassName":"io.github.bigbird0101.code.core.template.HaveDependTemplateDomHandleFunctionTemplate",
			"filePrefixNameStrategy":{
				"pattern":"*{tableInfo.domainName}*ServiceImpl",
				"value":3
			}
		},
		{
			"fileName":"GatewayServiceImpl.template",
			"projectUrl":"D:/ideaWorkSpace/iot_server_split/gateway-service",
			"sourcesRoot":"src/main/java",
			"fileSuffixName":"java",
			"module":"/gateway-service-service",
			"name":"GatewayServiceImpl",
			"dependTemplates":[
				"GatewayEntity",
				"GatewayDao",
				"GatewayDto",
				"GatewayServiceInterface",
				"GatewayVo"
			],
			"srcPackage":"com/infinova/server/gatewayservice/service/impl",
			"templateClassName":"io.github.bigbird0101.code.core.template.HaveDependTemplateHandleFunctionTemplate",
			"filePrefixNameStrategy":{
				"pattern":"*{tableInfo.domainName}*ServiceImpl",
				"value":3
			}
		},
		{
			"fileName":"元模型管理-Controller.template",
			"projectUrl":"D:/ideaWorkSpace3/data-asset-govern/metadata/model-manager",
			"sourcesRoot":"src/main/java",
			"fileSuffixName":"java",
			"module":"/market-service-starter",
			"name":"元模型管理-Controller",
			"dependTemplates":[
				"接口Request对象",
				"接口Response对象"
			],
			"srcPackage":"com/infinova/martetservice/starter/controller",
			"templateClassName":"io.github.bigbird0101.code.core.template.HaveDependTemplateHandleFunctionTemplate",
			"filePrefixNameStrategy":{
				"value":1
			}
		},
		{
			"fileName":"ServiceImpl-数据安全.template",
			"projectUrl":"D:/ideaWorkSpace3/iot-bigdata/infinova-dt/infinova-dt-datasecurityv2",
			"sourcesRoot":"src/main/java",
			"fileSuffixName":"java",
			"module":"/infinova-dt-datasecurity-service",
			"name":"ServiceImpl-数据安全",
			"dependTemplates":[
				"Entity-数据安全",
				"Dao-数据安全",
				"ReqVo-数据安全",
				"ServiceInterface-数据安全",
				"RespVo-数据安全"
			],
			"srcPackage":"com/infinova/datasecurity/service/impl",
			"templateClassName":"io.github.bigbird0101.code.core.template.HaveDependTemplateDomHandleFunctionTemplate",
			"filePrefixNameStrategy":{
				"pattern":"*{tableInfo.domainName}*ServiceImpl",
				"value":3
			}
		},
		{
			"fileName":"GatewayServiceInterface.template",
			"projectUrl":"D:/ideaWorkSpace/iot_server_split/gateway-service",
			"sourcesRoot":"src/main/java",
			"fileSuffixName":"java",
			"module":"/gateway-service-service",
			"name":"GatewayServiceInterface",
			"dependTemplates":[
				"GatewayDto",
				"GatewayVo"
			],
			"srcPackage":"com/infinova/server/gatewayservice/service",
			"templateClassName":"io.github.bigbird0101.code.core.template.HaveDependTemplateHandleFunctionTemplate",
			"filePrefixNameStrategy":{
				"pattern":"I*{tableInfo.domainName}*Service",
				"value":3
			}
		},
		{
			"fileName":"大数据DaoCopy.template",
			"projectUrl":"D:/ideaWorkSpace4/infinova-ai/infinova-ai-videoanalysis",
			"sourcesRoot":"src/main/java",
			"fileSuffixName":"java",
			"module":"/infinova-ai-videoanalysis-dao",
			"name":"大数据DaoCopy",
			"dependTemplates":[
				"EntityCopy"
			],
			"srcPackage":"cn/com/infinova/ai/videoanalysis/dao",
			"templateClassName":"io.github.bigbird0101.code.core.template.HaveDependTemplateNoHandleFunctionTemplate",
			"filePrefixNameStrategy":{
				"pattern":"*{tool.sub(1,*{tableInfo.domainName}*)}*Dao",
				"value":3
			}
		},
		{
			"fileName":"数据资产-Controller.template",
			"projectUrl":"D:/ideaWorkSpace3/data-asset-govern/data-asset",
			"sourcesRoot":"src/main/java",
			"fileSuffixName":"java",
			"module":"/data-asset-api",
			"name":"数据资产-Controller",
			"dependTemplates":[
				"数据资产-ServiceInterface",
				"数据资产-ReqVo",
				"数据资产-RespVo"
			],
			"srcPackage":"com/infinova/data/asset/api/controller",
			"templateClassName":"io.github.bigbird0101.code.core.template.HaveDependTemplateDomHandleFunctionTemplate",
			"filePrefixNameStrategy":{
				"pattern":"*{tableInfo.domainName}*Controller",
				"value":3
			}
		},
		{
			"fileName":"DeviceDaoCopy.template",
			"projectUrl":"D:/ideaWorkSpace3/iot_server_split/device-service",
			"sourcesRoot":"src/main/java",
			"fileSuffixName":"java",
			"module":"/device-dao",
			"name":"DeviceDaoCopy",
			"dependTemplates":[
				"DeviceEntity"
			],
			"srcPackage":"com/infinova/server/dao/mybatisplus",
			"templateClassName":"io.github.bigbird0101.code.core.template.HaveDependTemplateNoHandleFunctionTemplate",
			"filePrefixNameStrategy":{
				"pattern":"*{tableInfo.domainName}*Dao",
				"value":3
			}
		},
		{
			"fileName":"Dao-数据安全.template",
			"projectUrl":"D:/ideaWorkSpace3/iot-bigdata/infinova-dt/infinova-dt-datasecurityv2",
			"sourcesRoot":"src/main/java",
			"fileSuffixName":"java",
			"module":"/infinova-dt-datasecurity-dao",
			"name":"Dao-数据安全",
			"dependTemplates":[
				"Entity-数据安全"
			],
			"srcPackage":"com/infinova/datasecurity/dao",
			"templateClassName":"io.github.bigbird0101.code.core.template.HaveDependTemplateNoHandleFunctionTemplate",
			"filePrefixNameStrategy":{
				"pattern":"*{tableInfo.domainName}*Dao",
				"value":3
			}
		},
		{
			"fileName":"单点登录应用-Dao.template",
			"projectUrl":"D:/ideaWorkSpace3/data-asset-govern/common/base-db-config",
			"sourcesRoot":"src/main/java",
			"fileSuffixName":"java",
			"module":"/base-config-dao",
			"name":"单点登录应用-Dao",
			"dependTemplates":[
				"单点登录-应用-EntityCopyCopyCopy"
			],
			"srcPackage":"com/infinova/base/config/dao",
			"templateClassName":"io.github.bigbird0101.code.core.template.HaveDependTemplateNoHandleFunctionTemplate",
			"filePrefixNameStrategy":{
				"pattern":"*{tableInfo.domainName}*Dao",
				"value":3
			}
		},
		{
			"fileName":"大数据ServiceInterfaceCopy.template",
			"projectUrl":"D:/ideaWorkSpace4/infinova-ai/infinova-ai-videoanalysis",
			"sourcesRoot":"src/main/java",
			"fileSuffixName":"java",
			"module":"/infinova-ai-videoanalysis-service",
			"name":"大数据ServiceInterfaceCopy",
			"dependTemplates":[
				"ReqVoCopy",
				"RespVoCopy"
			],
			"srcPackage":"cn/com/infinova/ai/videoanalysis/service/service",
			"templateClassName":"io.github.bigbird0101.code.core.template.HaveDependTemplateDomHandleFunctionTemplate",
			"filePrefixNameStrategy":{
				"pattern":"*{tool.sub(1,*{tableInfo.domainName}*)}*Service",
				"value":3
			}
		},
		{
			"fileName":"数据资产-ServiceImplCopy.template",
			"projectUrl":"D:/ideaWorkSpace3/data-asset-govern/common/base-db-config",
			"sourcesRoot":"src/main/java",
			"fileSuffixName":"java",
			"module":"/base-config-service",
			"name":"数据资产-ServiceImplCopy",
			"dependTemplates":[
				"数据资产-Entity",
				"数据资产-Dao",
				"数据资产-ReqVo",
				"数据资产-ServiceInterface",
				"数据资产-RespVo"
			],
			"srcPackage":"com/infinova/base/config/service/service/impl",
			"templateClassName":"io.github.bigbird0101.code.core.template.HaveDependTemplateDomHandleFunctionTemplate",
			"filePrefixNameStrategy":{
				"pattern":"*{tableInfo.domainName}*ServiceImpl",
				"value":3
			}
		},
		{
			"fileName":"数据资产-DaoCopy.template",
			"projectUrl":"D:/ideaWorkSpace3/data-asset-govern/common/base-db-config",
			"sourcesRoot":"src/main/java",
			"fileSuffixName":"java",
			"module":"/base-config-dao",
			"name":"数据资产-DaoCopy",
			"dependTemplates":[
				"数据资产-Entity"
			],
			"srcPackage":"com/infinova/base/config/dao",
			"templateClassName":"io.github.bigbird0101.code.core.template.HaveDependTemplateNoHandleFunctionTemplate",
			"filePrefixNameStrategy":{
				"pattern":"*{tableInfo.domainName}*Dao",
				"value":3
			}
		},
		{
			"fileName":"ServiceInterface-数据安全.template",
			"projectUrl":"D:/ideaWorkSpace3/iot-bigdata/infinova-dt/infinova-dt-datasecurityv2",
			"sourcesRoot":"src/main/java",
			"fileSuffixName":"java",
			"module":"/infinova-dt-datasecurity-service",
			"name":"ServiceInterface-数据安全",
			"dependTemplates":[
				"ReqVo-数据安全",
				"RespVo-数据安全"
			],
			"srcPackage":"com/infinova/datasecurity/service",
			"templateClassName":"io.github.bigbird0101.code.core.template.HaveDependTemplateDomHandleFunctionTemplate",
			"filePrefixNameStrategy":{
				"pattern":"*{tableInfo.domainName}*Service",
				"value":3
			}
		},
		{
			"fileName":"数据资产-Dao.template",
			"projectUrl":"D:/ideaWorkSpace3/data-asset-govern/data-asset",
			"sourcesRoot":"src/main/java",
			"fileSuffixName":"java",
			"module":"/data-asset-dao",
			"name":"数据资产-Dao",
			"dependTemplates":[
				"数据资产-Entity"
			],
			"srcPackage":"com/infinova/data/asset/dao",
			"templateClassName":"io.github.bigbird0101.code.core.template.HaveDependTemplateNoHandleFunctionTemplate",
			"filePrefixNameStrategy":{
				"pattern":"*{tableInfo.domainName}*Dao",
				"value":3
			}
		},
		{
			"fileName":"Controller-单点登录用户.template",
			"projectUrl":"D:/ideaWorkSpace5/sso-token/sso-token/sso-platform",
			"sourcesRoot":"src/main/java",
			"fileSuffixName":"java",
			"module":"/infinova-datasecurity-api",
			"name":"Controller-单点登录用户",
			"dependTemplates":[
				"数据资产-ServiceInterface",
				"数据资产-ReqVo",
				"数据资产-RespVo"
			],
			"srcPackage":"com/infinova/sso/platform/api/controller",
			"templateClassName":"io.github.bigbird0101.code.core.template.HaveDependTemplateDomHandleFunctionTemplate",
			"filePrefixNameStrategy":{
				"pattern":"*{tableInfo.domainName}*Controller",
				"value":3
			}
		},
		{
			"fileName":"DeviceServiceImpl.template",
			"projectUrl":"D:/ideaWorkSpace/iot_server_split/device-service",
			"sourcesRoot":"src/main/java",
			"fileSuffixName":"java",
			"module":"/device-handler",
			"name":"DeviceServiceImpl",
			"dependTemplates":[
				"DeviceEntity",
				"DeviceDao",
				"DeviceDto",
				"DeviceServiceInterface",
				"DeviceVo"
			],
			"srcPackage":"com/infinova/server/handler",
			"templateClassName":"io.github.bigbird0101.code.core.template.HaveDependTemplateHandleFunctionTemplate",
			"filePrefixNameStrategy":{
				"pattern":"*{tableInfo.domainName}*ServiceImpl",
				"value":3
			}
		},
		{
			"fileName":"DeviceServiceInterface.template",
			"projectUrl":"D:/ideaWorkSpace/iot_server_split/device-service",
			"sourcesRoot":"src/main/java",
			"fileSuffixName":"java",
			"module":"/device-handler",
			"name":"DeviceServiceInterface",
			"dependTemplates":[
				"DeviceDto",
				"DeviceVo"
			],
			"srcPackage":"com/infinova/server/handler/service",
			"templateClassName":"io.github.bigbird0101.code.core.template.HaveDependTemplateHandleFunctionTemplate",
			"filePrefixNameStrategy":{
				"pattern":"*{tableInfo.domainName}*Service",
				"value":3
			}
		},
		{
			"fileName":"DaoCopy.template",
			"projectUrl":"D:/ideaWorkSpace/iot_server_split/gateway-service",
			"sourcesRoot":"src/main/java",
			"fileSuffixName":"java",
			"module":"/market-service-dao",
			"name":"DaoCopy",
			"dependTemplates":[
				"DoMainCopy"
			],
			"srcPackage":"com/infinova/marketservice/dao",
			"templateClassName":"io.github.bigbird0101.code.core.template.HaveDependTemplateNoHandleFunctionTemplate",
			"filePrefixNameStrategy":{
				"pattern":"*{tableInfo.domainName}*Dao",
				"value":3
			}
		},
		{
			"fileName":"接口请求ControllerCopyCopy.template",
			"projectUrl":"D:/ideaWorkSpace4/infinova-ai/infinova-ai-videoanalysis",
			"sourcesRoot":"src/main/java",
			"fileSuffixName":"java",
			"module":"/market-service-starter",
			"name":"接口请求ControllerCopyCopy",
			"dependTemplates":[
				"接口Request对象",
				"接口Response对象"
			],
			"srcPackage":"com/infinova/martetservice/starter/controller",
			"templateClassName":"io.github.bigbird0101.code.core.template.HaveDependTemplateHandleFunctionTemplate",
			"filePrefixNameStrategy":{
				"value":1
			}
		},
		{
			"fileName":"GatewayDao.template",
			"projectUrl":"D:/ideaWorkSpace/iot_server_split/gateway-service",
			"sourcesRoot":"src/main/java",
			"fileSuffixName":"java",
			"module":"/gateway-service-dao",
			"name":"GatewayDao",
			"dependTemplates":[
				"GatewayEntity"
			],
			"srcPackage":"com/infinova/server/gatewayservice/dao",
			"templateClassName":"io.github.bigbird0101.code.core.template.HaveDependTemplateNoHandleFunctionTemplate",
			"filePrefixNameStrategy":{
				"pattern":"*{tableInfo.domainName}*Dao",
				"value":3
			}
		},
		{
			"fileName":"大数据ServiceInterface.template",
			"projectUrl":"D:/ideaWorkSpace3/iot-bigdata/infinova-dt/infinova-dt-datamodel",
			"sourcesRoot":"src/main/java",
			"fileSuffixName":"java",
			"module":"/infinova-dt-datamodel-service",
			"name":"大数据ServiceInterface",
			"dependTemplates":[
				"ReqVo",
				"RespVo"
			],
			"srcPackage":"cn/com/infinova/datamodel/service",
			"templateClassName":"io.github.bigbird0101.code.core.template.HaveDependTemplateDomHandleFunctionTemplate",
			"filePrefixNameStrategy":{
				"pattern":"*{tool.sub(6,*{tableInfo.domainName}*)}*Service",
				"value":3
			}
		},
		{
			"fileName":"123hhhhCopyCopy.template",
			"projectUrl":"123123",
			"sourcesRoot":"123",
			"fileSuffixName":"123",
			"module":"123",
			"name":"123hhhhCopyCopy",
			"srcPackage":"123",
			"templateClassName":"io.github.bigbird0101.code.core.template.HaveDependTemplateHandleFunctionTemplate",
			"filePrefixNameStrategy":{
				"value":1
			}
		},
		{
			"fileName":"Dao-单点登录用户.template",
			"projectUrl":"D:/ideaWorkSpace5/sso-token/sso-token/sso-platform",
			"sourcesRoot":"src/main/java",
			"fileSuffixName":"java",
			"module":"/infinova-datasecurity-dao",
			"name":"Dao-单点登录用户",
			"dependTemplates":[
				"数据资产-Entity"
			],
			"srcPackage":"com/infinova/sso/platform/dao",
			"templateClassName":"io.github.bigbird0101.code.core.template.HaveDependTemplateNoHandleFunctionTemplate",
			"filePrefixNameStrategy":{
				"pattern":"*{tableInfo.domainName}*Dao",
				"value":3
			}
		},
		{
			"fileName":"数据资产-ControllerCopy.template",
			"projectUrl":"D:/ideaWorkSpace3/data-asset-govern/common/base-db-config",
			"sourcesRoot":"src/main/java",
			"fileSuffixName":"java",
			"module":"/base-config-api",
			"name":"数据资产-ControllerCopy",
			"dependTemplates":[
				"数据资产-ServiceInterface",
				"数据资产-ReqVo",
				"数据资产-RespVo"
			],
			"srcPackage":"com/infinova/base/config/api/controller",
			"templateClassName":"io.github.bigbird0101.code.core.template.HaveDependTemplateDomHandleFunctionTemplate",
			"filePrefixNameStrategy":{
				"pattern":"*{tableInfo.domainName}*Controller",
				"value":3
			}
		},
		{
			"fileName":"数据资产-ServiceImpl.template",
			"projectUrl":"D:/ideaWorkSpace3/data-asset-govern/data-asset",
			"sourcesRoot":"src/main/java",
			"fileSuffixName":"java",
			"module":"/data-asset-service",
			"name":"数据资产-ServiceImpl",
			"dependTemplates":[
				"数据资产-Entity",
				"数据资产-Dao",
				"数据资产-ReqVo",
				"数据资产-ServiceInterface",
				"数据资产-RespVo"
			],
			"srcPackage":"com/infinova/data/asset/service/service/impl",
			"templateClassName":"io.github.bigbird0101.code.core.template.HaveDependTemplateDomHandleFunctionTemplate",
			"filePrefixNameStrategy":{
				"pattern":"*{tableInfo.domainName}*ServiceImpl",
				"value":3
			}
		},
		{
			"fileName":"ServiceInterface-单点登录用户.template",
			"projectUrl":"D:/ideaWorkSpace5/sso-token/sso-token/sso-platform",
			"sourcesRoot":"src/main/java",
			"fileSuffixName":"java",
			"module":"/infinova-datasecurity-service",
			"name":"ServiceInterface-单点登录用户",
			"dependTemplates":[
				"数据资产-ReqVo",
				"数据资产-RespVo"
			],
			"srcPackage":"com/infinova/sso/platform/service",
			"templateClassName":"io.github.bigbird0101.code.core.template.HaveDependTemplateDomHandleFunctionTemplate",
			"filePrefixNameStrategy":{
				"pattern":"*{tableInfo.domainName}*Service",
				"value":3
			}
		},
		{
			"fileName":"ServiceImpl-单点登录用户.template",
			"projectUrl":"D:/ideaWorkSpace5/sso-token/sso-token/sso-platform",
			"sourcesRoot":"src/main/java",
			"fileSuffixName":"java",
			"module":"/infinova-datasecurity-service",
			"name":"ServiceImpl-单点登录用户",
			"dependTemplates":[
				"Entity-单点登录用户",
				"Dao-单点登录用户",
				"ReqVo-单点登录用户",
				"ServiceInterface-单点登录用户",
				"RespVo-单点登录用户"
			],
			"srcPackage":"com/infinova/sso/platform/service/service/impl",
			"templateClassName":"io.github.bigbird0101.code.core.template.HaveDependTemplateDomHandleFunctionTemplate",
			"filePrefixNameStrategy":{
				"pattern":"*{tableInfo.domainName}*ServiceImpl",
				"value":3
			}
		},
		{
			"fileName":"大数据ServiceImpl.template",
			"projectUrl":"D:/ideaWorkSpace3/iot-bigdata/infinova-dt/infinova-dt-datamodel",
			"sourcesRoot":"src/main/java",
			"fileSuffixName":"java",
			"module":"/infinova-dt-datamodel-service",
			"name":"大数据ServiceImpl",
			"dependTemplates":[
				"Entity",
				"大数据Dao",
				"ReqVo",
				"大数据ServiceInterface",
				"RespVo"
			],
			"srcPackage":"cn/com/infinova/datamodel/service/impl",
			"templateClassName":"io.github.bigbird0101.code.core.template.HaveDependTemplateDomHandleFunctionTemplate",
			"filePrefixNameStrategy":{
				"pattern":"*{tool.sub(6,*{tableInfo.domainName}*)}*ServiceImpl",
				"value":3
			}
		},
		{
			"fileName":"Controller.template",
			"projectUrl":"C:/DevelopSoftwareWorkSpace/ideaWorkSpace/zzd_chat25",
			"sourcesRoot":"src/main/java",
			"fileSuffixName":"java",
			"module":"/",
			"name":"Controller",
			"dependTemplates":[
				"DoMain",
				"ServiceInterface"
			],
			"srcPackage":"com/zzd/chat/talk/controller",
			"templateClassName":"io.github.bigbird0101.code.core.template.HaveDependTemplateHandleFunctionTemplate",
			"filePrefixNameStrategy":{
				"value":1
			}
		},
		{
			"fileName":"DaoFileTemplate_04_Copy.template",
			"projectUrl":"123123",
			"sourcesRoot":"123",
			"fileSuffixName":"123",
			"module":"123",
			"name":"123hhhh_Copy",
			"srcPackage":"123",
			"templateClassName":"io.github.bigbird0101.code.core.template.HaveDependTemplateHandleFunctionTemplate",
			"filePrefixNameStrategy":{
				"value":1
			}
		},
		{
			"fileName":"大数据Dao.template",
			"projectUrl":"D:/ideaWorkSpace3/iot-bigdata/infinova-dt/infinova-dt-datamodel",
			"sourcesRoot":"src/main/java",
			"fileSuffixName":"java",
			"module":"/infinova-dt-datamodel-dao",
			"name":"大数据Dao",
			"dependTemplates":[
				"Entity"
			],
			"srcPackage":"cn/com/infinova/datamodel/dao",
			"templateClassName":"io.github.bigbird0101.code.core.template.HaveDependTemplateNoHandleFunctionTemplate",
			"filePrefixNameStrategy":{
				"pattern":"*{tool.sub(6,*{tableInfo.domainName}*)}*Dao",
				"value":3
			}
		},
		{
			"fileName":"Dao.template",
			"projectUrl":"C:/DevelopSoftwareWorkSpace/ideaWorkSpace/zzd_chat25",
			"sourcesRoot":"src/main/java",
			"fileSuffixName":"java",
			"module":"/",
			"name":"Dao",
			"dependTemplates":[
				"DoMain"
			],
			"srcPackage":"com/zzd/talk/service/provider/dao",
			"templateClassName":"io.github.bigbird0101.code.core.template.HaveDependTemplateHandleFunctionTemplate",
			"filePrefixNameStrategy":{
				"value":1
			}
		},
		{
			"fileName":"Controller-数据安全.template",
			"projectUrl":"D:/ideaWorkSpace3/iot-bigdata/infinova-dt/infinova-dt-datasecurityv2",
			"sourcesRoot":"src/main/java",
			"fileSuffixName":"java",
			"module":"/infinova-dt-datasecurity-web-api",
			"name":"Controller-数据安全",
			"dependTemplates":[
				"ServiceInterface-数据安全",
				"ReqVo-数据安全",
				"RespVo-数据安全"
			],
			"srcPackage":"com/infinova/datasecurity/api/controller",
			"templateClassName":"io.github.bigbird0101.code.core.template.HaveDependTemplateDomHandleFunctionTemplate",
			"filePrefixNameStrategy":{
				"pattern":"*{tableInfo.domainName}*Controller",
				"value":3
			}
		},
		{
			"fileName":"接口请求Controller.template",
			"projectUrl":"D:/ideaWorkSpace/iot_server_split/gateway-service",
			"sourcesRoot":"src/main/java",
			"fileSuffixName":"java",
			"module":"/market-service-starter",
			"name":"接口请求Controller",
			"dependTemplates":[
				"接口Request对象",
				"接口Response对象"
			],
			"srcPackage":"com/infinova/martetservice/starter/controller",
			"templateClassName":"io.github.bigbird0101.code.core.template.HaveDependTemplateHandleFunctionTemplate",
			"filePrefixNameStrategy":{
				"value":1
			}
		},
		{
			"fileName":"接口请求ControllerCopy.template",
			"projectUrl":"D:\\ideaWorkSpace3\\iot-bigdata\\infinova-dt\\infinova-dt-datamodel",
			"sourcesRoot":"src/main/java",
			"fileSuffixName":"java",
			"module":"/market-service-starter",
			"name":"接口请求ControllerCopy",
			"dependTemplates":[
				"接口Request对象",
				"接口Response对象"
			],
			"srcPackage":"com/infinova/martetservice/starter/controller",
			"templateClassName":"io.github.bigbird0101.code.core.template.HaveDependTemplateHandleFunctionTemplate",
			"filePrefixNameStrategy":{
				"value":1
			}
		},
		{
			"fileName":"单点登录-应用-ServiceInterfaceCopyCopyCopy.template",
			"projectUrl":"D:/ideaWorkSpace3/data-asset-govern/common/base-db-config",
			"sourcesRoot":"src/main/java",
			"fileSuffixName":"java",
			"module":"/base-config-service",
			"name":"单点登录-应用-ServiceInterfaceCopyCopyCopy",
			"dependTemplates":[
				"数据资产-ReqVo",
				"数据资产-RespVo"
			],
			"srcPackage":"com/infinova/base/config/service/service",
			"templateClassName":"io.github.bigbird0101.code.core.template.HaveDependTemplateDomHandleFunctionTemplate",
			"filePrefixNameStrategy":{
				"pattern":"*{tableInfo.domainName}*Service",
				"value":3
			}
		},
		{
			"fileName":"单点登录-应用-ControllerCopyCopyCopy.template",
			"projectUrl":"D:/ideaWorkSpace3/data-asset-govern/common/base-db-config",
			"sourcesRoot":"src/main/java",
			"fileSuffixName":"java",
			"module":"/base-config-api",
			"name":"单点登录-应用-ControllerCopyCopyCopy",
			"dependTemplates":[
				"数据资产-ServiceInterface",
				"数据资产-ReqVo",
				"数据资产-RespVo"
			],
			"srcPackage":"com/infinova/base/config/api/controller",
			"templateClassName":"io.github.bigbird0101.code.core.template.HaveDependTemplateDomHandleFunctionTemplate",
			"filePrefixNameStrategy":{
				"pattern":"*{tableInfo.domainName}*Controller",
				"value":3
			}
		},
		{
			"fileName":"DaoFileTemplate_04.template",
			"projectUrl":"123",
			"sourcesRoot":"123123",
			"fileSuffixName":"123",
			"module":"12312",
			"name":"123ddddd",
			"srcPackage":"123",
			"templateClassName":"io.github.bigbird0101.code.core.template.HaveDependTemplateHandleFunctionTemplate",
			"filePrefixNameStrategy":{
				"value":1
			}
		},
		{
			"fileName":"DaoFileTemplate_04.template",
			"projectUrl":"C:\\code\\ideaWorkSpace\\untitled1\\out",
			"sourcesRoot":"123",
			"fileSuffixName":"123",
			"module":"123",
			"name":"test11123",
			"srcPackage":"123",
			"templateClassName":"io.github.bigbird0101.code.core.template.HaveDependTemplateHandleFunctionTemplate",
			"filePrefixNameStrategy":{
				"value":1
			}
		},
		{
			"fileName":"DaoFileTemplate_04.template",
			"projectUrl":"23",
			"sourcesRoot":"123",
			"fileSuffixName":"123",
			"module":"123",
			"name":"123gggggg",
			"srcPackage":"123",
			"templateClassName":"io.github.bigbird0101.code.core.template.HaveDependTemplateHandleFunctionTemplate",
			"filePrefixNameStrategy":{
				"value":1
			}
		},
		{
			"fileName":"ServiceInterfaceCopy.template",
			"projectUrl":"D:/ideaWorkSpace/iot_server_split/gateway-service",
			"sourcesRoot":"src/main/java",
			"fileSuffixName":"java",
			"module":"/market-service-service",
			"name":"ServiceInterfaceCopy",
			"dependTemplates":[
				"DtoRequest",
				"Vo"
			],
			"srcPackage":"com/infinova/marketservice/service",
			"templateClassName":"io.github.bigbird0101.code.core.template.HaveDependTemplateHandleFunctionTemplate",
			"filePrefixNameStrategy":{
				"pattern":"I*{tableInfo.domainName}*Service",
				"value":3
			}
		},
		{
			"fileName":"DeviceDao.template",
			"projectUrl":"D:/ideaWorkSpace/iot_server_split/device-service",
			"sourcesRoot":"src/main/java",
			"fileSuffixName":"java",
			"module":"/device-dao",
			"name":"DeviceDao",
			"dependTemplates":[
				"DeviceEntity"
			],
			"srcPackage":"com/infinova/server/dao/mybatisplus",
			"templateClassName":"io.github.bigbird0101.code.core.template.HaveDependTemplateNoHandleFunctionTemplate",
			"filePrefixNameStrategy":{
				"pattern":"*{tableInfo.domainName}*Dao",
				"value":3
			}
		},
		{
			"fileName":"数据资产-ServiceInterfaceCopy.template",
			"projectUrl":"D:/ideaWorkSpace3/data-asset-govern/common/base-db-config",
			"sourcesRoot":"src/main/java",
			"fileSuffixName":"java",
			"module":"/base-config-service",
			"name":"数据资产-ServiceInterfaceCopy",
			"dependTemplates":[
				"数据资产-ReqVo",
				"数据资产-RespVo"
			],
			"srcPackage":"com/infinova/base/config/service/service",
			"templateClassName":"io.github.bigbird0101.code.core.template.HaveDependTemplateDomHandleFunctionTemplate",
			"filePrefixNameStrategy":{
				"pattern":"*{tableInfo.domainName}*Service",
				"value":3
			}
		},
		{
			"fileName":"大数据ServiceImplCopy.template",
			"projectUrl":"D:/ideaWorkSpace4/infinova-ai/infinova-ai-videoanalysis",
			"sourcesRoot":"src/main/java",
			"fileSuffixName":"java",
			"module":"/infinova-ai-videoanalysis-service",
			"name":"大数据ServiceImplCopy",
			"dependTemplates":[
				"EntityCopy",
				"大数据DaoCopy",
				"ReqVoCopy",
				"大数据ServiceInterfaceCopy",
				"RespVoCopy"
			],
			"srcPackage":"cn/com/infinova/ai/videoanalysis/service/service/impl",
			"templateClassName":"io.github.bigbird0101.code.core.template.HaveDependTemplateDomHandleFunctionTemplate",
			"filePrefixNameStrategy":{
				"pattern":"*{tool.sub(1,*{tableInfo.domainName}*)}*ServiceImpl",
				"value":3
			}
		},
		{
			"fileName":"数据资产-ServiceInterface.template",
			"projectUrl":"D:/ideaWorkSpace3/data-asset-govern/data-asset",
			"sourcesRoot":"src/main/java",
			"fileSuffixName":"java",
			"module":"/data-asset-service",
			"name":"数据资产-ServiceInterface",
			"dependTemplates":[
				"数据资产-ReqVo",
				"数据资产-RespVo"
			],
			"srcPackage":"com/infinova/data/asset/service/service",
			"templateClassName":"io.github.bigbird0101.code.core.template.HaveDependTemplateDomHandleFunctionTemplate",
			"filePrefixNameStrategy":{
				"pattern":"*{tableInfo.domainName}*Service",
				"value":3
			}
		},
		{
			"fileName":"ServiceImplCopy.template",
			"projectUrl":"D:/ideaWorkSpace/iot_server_split/gateway-service",
			"sourcesRoot":"src/main/java",
			"fileSuffixName":"java",
			"module":"/market-service-service",
			"name":"ServiceImplCopy",
			"dependTemplates":[
				"DaoCopy",
				"DtoRequest",
				"ServiceInterfaceCopy",
				"Vo",
				"DoMainCopy"
			],
			"srcPackage":"com/infinova/marketservice/service/impl",
			"templateClassName":"io.github.bigbird0101.code.core.template.HaveDependTemplateHandleFunctionTemplate",
			"filePrefixNameStrategy":{
				"pattern":"*{tableInfo.domainName}*ServiceImpl",
				"value":3
			}
		}
	]
}