{
	"multipleTemplates":[
		{
			"templates":[
				"Controller模板",
				"Dao模板",
				"ServiceInterface模板",
				"DoMain模板",
				"ServiceImpl模板2"
			],
			"name":"Spring代码模板"
		},
		{
			"templates":[
				"触发器模板",
				"Controller模板",
				"DoMain模板",
				"Dao模板",
				"ServiceInterface模板",
				"ServiceImpl模板2"
			],
			"name":"dfafdsa"
		}
	],
	"templates":[
		{
			"path":"pages",
			"isHandleFunction":0,
			"fileName":"trigger.template",
			"projectUrl":"C:/DevelopSoftwareWorkSpace/ideaWorkSpace/zzd_chat",
			"sourcesRoot":"src/main/java",
			"fileSuffixName":"sql",
			"name":"触发器模板",
			"filePrefixNameStrategy":1
		},
		{
			"isHandleFunction":1,
			"fileName":"DaoFileTemplate.template",
			"projectUrl":"C:/DevelopSoftwareWorkSpace/ideaWorkSpace/zzd_chat2",
			"sourcesRoot":"src/main/java",
			"fileSuffixName":"java",
			"module":"talk-service/talk-service-provider",
			"name":"Dao模板",
			"srcPackage":"com/zzd/talk/service/provider/dao",
			"filePrefixNameStrategy":1
		},
		{
			"isHandleFunction":1,
			"fileName":"ServiceInterfaceFileTemplate.template",
			"projectUrl":"C:/DevelopSoftwareWorkSpace/ideaWorkSpace/zzd_chat2",
			"sourcesRoot":"src/main/java",
			"fileSuffixName":"java",
			"module":"talk-service/talk-api",
			"name":"ServiceInterface模板",
			"srcPackage":"com/zzd/talk/api",
			"filePrefixNameStrategy":1
		},
		{
			"isHandleFunction":0,
			"fileName":"DoMainTemplate.template",
			"projectUrl":"C:/DevelopSoftwareWorkSpace/ideaWorkSpace/zzd_chat2",
			"sourcesRoot":"src/main/java",
			"fileSuffixName":"java",
			"module":"talk-service/talk-api",
			"name":"DoMain模板",
			"srcPackage":"com/zzd/talk/api/dto",
			"filePrefixNameStrategy":1
		},
		{
			"isHandleFunction":1,
			"fileName":"ControllerFileTemplate.template",
			"projectUrl":"C:/DevelopSoftwareWorkSpace/ideaWorkSpace/zzd_chat2",
			"sourcesRoot":"src/main/java",
			"fileSuffixName":"java",
			"module":"chat-talk",
			"name":"Controller模板",
			"srcPackage":"com/zzd/chat/talk/controller",
			"filePrefixNameStrategy":1
		},
		{
			"isHandleFunction":1,
			"fileName":"ServiceImplFileTemplate.template",
			"projectUrl":"C:/DevelopSoftwareWorkSpace/ideaWorkSpace/zzd_chat2",
			"sourcesRoot":"src/main/java",
			"fileSuffixName":"java",
			"module":"talk-service/talk-service-provider",
			"name":"ServiceImpl模板2",
			"filePrefixNameStrategyPattern":"*{tableInfo.domainName}*RpcImplService222",
			"srcPackage":"com/zzd/talk/service/provider/rpcservice",
			"filePrefixNameStrategy":3
		}
	]
}