{
	"multipleTemplates":[
		{
			"templates":[
				"ReqVo-数据安全",
				"Entity-数据安全",
				"RespVo-数据安全",
				"Dao-数据安全",
				"RpcRequestInfo-数据安全",
				"RPCResponse-数据安全",
				"ServiceImpl-数据安全",
				"ServiceInterface-数据安全",
				"Controller-数据安全",
				"DtoRequest-数据安全"
			],
			"name":"数据安全"
		}
	],
	"templates":[
		{
			"fileName":"ReqVo-数据安全.template",
			"projectUrl":"D:/ideaWorkSpace3/iot-bigdata/bigbird-dt/bigbird-dt-datasecurityv2",
			"sourcesRoot":"src/main/java",
			"fileSuffixName":"java",
			"module":"/infinova-dt-datasecurity-model",
			"name":"ReqVo-数据安全",
			"srcPackage":"com/infinova/datasecurity/model/vo/req",
			"templateClassName":"io.github.bigbird0101.code.core.template.DomNoHandleFunctionTemplate",
			"filePrefixNameStrategy":{
				"pattern":"*{tableInfo.domainName}*ReqVo",
				"value":3
			}
		},
		{
			"fileName":"Entity-数据安全.template",
			"projectUrl":"D:/ideaWorkSpace3/iot-bigdata/bigbird-dt/bigbird-dt-datasecurityv2",
			"sourcesRoot":"src/main/java",
			"fileSuffixName":"java",
			"module":"/infinova-dt-datasecurity-model",
			"name":"Entity-数据安全",
			"srcPackage":"com/infinova/datasecurity/model/entity",
			"templateClassName":"io.github.bigbird0101.code.core.template.DomNoHandleFunctionTemplate",
			"filePrefixNameStrategy":{
				"pattern":"*{tableInfo.domainName}*",
				"value":3
			}
		},
		{
			"fileName":"RespVo-数据安全.template",
			"projectUrl":"D:/ideaWorkSpace3/iot-bigdata/bigbird-dt/bigbird-dt-datasecurityv2",
			"sourcesRoot":"src/main/java",
			"fileSuffixName":"java",
			"module":"/infinova-dt-datasecurity-model",
			"name":"RespVo-数据安全",
			"srcPackage":"com/infinova/datasecurity/model/vo/resp",
			"templateClassName":"io.github.bigbird0101.code.core.template.DomNoHandleFunctionTemplate",
			"filePrefixNameStrategy":{
				"pattern":"*{tableInfo.domainName}*RespVo",
				"value":3
			}
		},
		{
			"fileName":"Dao-数据安全.template",
			"projectUrl":"D:/ideaWorkSpace3/iot-bigdata/bigbird-dt/bigbird-dt-datasecurityv2",
			"sourcesRoot":"src/main/java",
			"fileSuffixName":"java",
			"module":"/infinova-dt-datasecurity-dao",
			"name":"Dao-数据安全",
			"dependTemplates":[
				"Entity-数据安全"
			],
			"srcPackage":"com/infinova/datasecurity/dao",
			"templateClassName":"io.github.bigbird0101.code.core.template.HaveDependTemplateNoHandleFunctionTemplate",
			"filePrefixNameStrategy":{
				"pattern":"*{tableInfo.domainName}*Dao",
				"value":3
			}
		},
		{
			"fileName":"RpcRequestInfo-数据安全.template",
			"projectUrl":"D:/ideaWorkSpace3/iot-bigdata/bigbird-dt/bigbird-dt-datasecurityv2",
			"sourcesRoot":"src/main/java",
			"fileSuffixName":"java",
			"module":"/gateway-service-model",
			"name":"RpcRequestInfo-数据安全",
			"srcPackage":"org/thingsboard/server/gatewayservice/model/dto/response",
			"templateClassName":"io.github.bigbird0101.code.core.template.DefaultNoHandleFunctionTemplate",
			"filePrefixNameStrategy":{
				"value":1
			}
		},
		{
			"fileName":"RPCResponse-数据安全.template",
			"projectUrl":"D:/ideaWorkSpace3/iot-bigdata/bigbird-dt/bigbird-dt-datasecurityv2",
			"sourcesRoot":"src/main/java",
			"fileSuffixName":"java",
			"module":"/gateway-service-model",
			"name":"RPCResponse-数据安全",
			"srcPackage":"com/infinova/datasecurity/model/dto/response",
			"templateClassName":"io.github.bigbird0101.code.core.template.DefaultNoHandleFunctionTemplate",
			"filePrefixNameStrategy":{
				"value":1
			}
		},
		{
			"fileName":"ServiceImpl-数据安全.template",
			"projectUrl":"D:/ideaWorkSpace3/iot-bigdata/bigbird-dt/bigbird-dt-datasecurityv2",
			"sourcesRoot":"src/main/java",
			"fileSuffixName":"java",
			"module":"/infinova-dt-datasecurity-service",
			"name":"ServiceImpl-数据安全",
			"dependTemplates":[
				"Entity-数据安全",
				"Dao-数据安全",
				"ReqVo-数据安全",
				"ServiceInterface-数据安全",
				"RespVo-数据安全"
			],
			"srcPackage":"com/infinova/datasecurity/service/impl",
			"templateClassName":"io.github.bigbird0101.code.core.template.HaveDependTemplateDomHandleFunctionTemplate",
			"filePrefixNameStrategy":{
				"pattern":"*{tableInfo.domainName}*ServiceImpl",
				"value":3
			}
		},
		{
			"fileName":"ServiceInterface-数据安全.template",
			"projectUrl":"D:/ideaWorkSpace3/iot-bigdata/bigbird-dt/bigbird-dt-datasecurityv2",
			"sourcesRoot":"src/main/java",
			"fileSuffixName":"java",
			"module":"/infinova-dt-datasecurity-service",
			"name":"ServiceInterface-数据安全",
			"dependTemplates":[
				"ReqVo-数据安全",
				"RespVo-数据安全"
			],
			"srcPackage":"com/infinova/datasecurity/service",
			"templateClassName":"io.github.bigbird0101.code.core.template.HaveDependTemplateDomHandleFunctionTemplate",
			"filePrefixNameStrategy":{
				"pattern":"*{tableInfo.domainName}*Service",
				"value":3
			}
		},
		{
			"fileName":"Controller-数据安全.template",
			"projectUrl":"D:/ideaWorkSpace3/iot-bigdata/bigbird-dt/bigbird-dt-datasecurityv2",
			"sourcesRoot":"src/main/java",
			"fileSuffixName":"java",
			"module":"/infinova-dt-datasecurity-web-api",
			"name":"Controller-数据安全",
			"dependTemplates":[
				"ServiceInterface-数据安全",
				"ReqVo-数据安全",
				"RespVo-数据安全"
			],
			"srcPackage":"com/infinova/datasecurity/api/controller",
			"templateClassName":"io.github.bigbird0101.code.core.template.HaveDependTemplateDomHandleFunctionTemplate",
			"filePrefixNameStrategy":{
				"pattern":"*{tableInfo.domainName}*Controller",
				"value":3
			}
		},
		{
			"fileName":"DtoRequest-数据安全.template",
			"projectUrl":"D:/ideaWorkSpace3/iot-bigdata/bigbird-dt/bigbird-dt-datasecurityv2",
			"sourcesRoot":"src/main/java",
			"fileSuffixName":"java",
			"module":"/infinova-dt-datasecurity-model",
			"name":"DtoRequest-数据安全",
			"srcPackage":"com/infinova/datasecurity/model/dto",
			"templateClassName":"io.github.bigbird0101.code.core.template.DomNoHandleFunctionTemplate",
			"filePrefixNameStrategy":{
				"pattern":"*{tableInfo.domainName}*Dto",
				"value":3
			}
		}
	]
}