[
	{
		"Spring代码模板": [{
			"fileName": "ControllerFileTemplate.template",
			"name": "Controller模板",
			"path": "controller"
		}, {
			"fileName": "DoMainTemplate.template",
			"name": "DoMain模板",
			"path": "domain",
			"isHandleFunction": 0,
			"filePrefixNameStrategyType": 1
		}, {
			"fileName": "DaoFileTemplate.template",
			"name": "Dao模板",
			"path": "dao"
		}, {
			"fileName": "ServiceInterfaceFileTemplate.template",
			"name": "ServiceInterface模板",
			"path": "service"
		}, {
			"fileName": "ServiceImplFileTemplate.template",
			"name": "ServiceImpl模板",
			"path": "service/impl"
		}, {
			"fileName": "trigger.template",
			"name": "触发器模板",
			"path": "pages",
			"isHandleFunction": 0,
			"filePrefixNameStrategyType": 1,
			"fileSuffixName": "sql"
		}]
	 }
]